{
    "token1": "Eq0r7oBp92q7Pzv6TmEc.ueLeCJvKvdpbtVTadGiEla.cX4ar98ZvHwpeIWIyMbXZ+8OIxb+4kgM/+B77DgBFFw=",
    "token2": "EqBUhGxBeZvxFt6wIVA8.LnAR6cwl1HBu8jV4sb9Cwa.gEz2YIlfVFn7L5MzURuuW3hDVHTyQBzJX3JsDT73uL0=",
    "token3": "EqRUl868ddtXIpAp7qab.Gl2FmoVBdJvP5zrS8+WsIW.MtVpTHxGhcMSqtrZ2rB6gvf1f9SlSlF5NTb3OTsGUGQ=",
    "token4": "EqNjwhiGlbPfyGBchxh0.RKDEUzAjZPawq70LJrfvia.sJqwj+uRXBO8XdMAb8hucJCJy1oRUkQnSDEm6ZXAs+8=",
    "token5": "Eqs1GCRPILbJ8v7zDWmd.sWb83FC6zfP+k+ArrujPtq.GupnIZDMPkESDXClLde6ENUelnXrcch2KAKVJ531EfY=",
    "token6": "EqnYrsbkkXq3sF123Mha.TtmrXEUy+dQxPJqjuRhwUG.TO3Lx/fiUKfWY5Hgn45JGTOzWngSYrUgMdoUgx6522o=",
    "token7": "Eqk5yjhdhwGIMRIQSqH4.K4ZdSmCEofQe1bhu08sm1a.EOs5hvV0PYslSdFgib20NWTJI0p985euXO7Jdf19mLc=",
    "token8": "EqVp5R9DM1Vwovj9c943.q+F0eZivv+xVfDH8RQIIuW.Snj3/ED8ity3qgHp3XwzQkcnWfIBzrXFb2Xft/antXs=",
    "token9": "Eq2NuTnVxVxps1NdWNh9.Z5La8y0aL0C+/9hu2gh+6q.PGCVL135Vu+n+TXaEvbjaud2aOCmmJ4hDIhccvvb0Qw=",
    "token10": "Eq4HAmUjwdzwH7Be6wj8.R5j08fM3a6RuHnyR0+8ZIa.2Whr7ezc+5rggho710W4S+1heCdETONYvIWjCeGWQA4=",
    "token11": "EqhG57CUOaX9xUOE9NGf.HiL61WaehMubtiyBo4P5hW.P0J0cmEzZ8r/A1DgRlMQs9gKDZmUq3Th//ILh+5VOaY="
}