{
    "token1": "EqXgPNiYPK322rbaERj6.g+i8Cj77b/S1sqq6zZuzbG.xUq+SivjiD4LM6PB7+paFfgQysBsJ9sVXwfib3jMEz8=",
    "token2": "Eqk5tsHEOJ4LjISNoDI8.LnAR6cwl1HBu8jV4sb9Cwa.Q53CG25agY0iZf1BF6uFwN14qcTg8g6anygw6f+GVnI=",
    "token3": "EqyjADIRWocC0CKWsbQb.Gl2FmoVBdJvP5zrS8+WsIW.us8xv9nnpYSf4ICLa4st0nmTmWpZMeHISAPC6d+++vE=",
    "token4": "Eq1vAYeuVlctuHwxHyg0.RKDEUzAjZPawq70LJrfvia.dD26mHZyNNHYOMWZhol//s5ktmR1fk0ZTsaFUL3F4Gk=",
    "token5": "Eq9CX73APhk31SRtRmRd.sWb83FC6zfP+k+ArrujPtq.zVsaVc3EqkodLI4+h7ObDaK5RsffGhyPnrZyx73Gs9Q=",
    "token6": "EqUvxxTpZsrDbE3jSn5a.TtmrXEUy+dQxPJqjuRhwUG.n4Ivhj28ANvw6Ig0+2AzumddreeDibFoQBpegGXTPQ4=",
    "token7": "EqRNfsZalYDmlnFnHSs4.K4ZdSmCEofQe1bhu08sm1a.eknA8IlWgVE0CtovzgbxUTAqBhFsDfv4ma58MMgP1J4=",
    "token8": "EqzPFckXgOrVdtTpJyK3.q+F0eZivv+xVfDH8RQIIuW.R/uVzYu4dZo8W1L8yD9Ax2Xns1KgwTM8k0TNoUgroYQ=",
    "token9": "EqV2QCfVs5pluEbHfeL9.Z5La8y0aL0C+/9hu2gh+6q.xmfqwwo27RZF+jKMxuqRewxqHBJ6elRZbCPuq2rF+eQ="
}