{
    "token1": "ErcviJefbxFSO3wRlbE6.g+i8Cj77b/S1sqq6zZuzbG.6bvH1NQhGXn+8uCLorxhe3tv7l2T+SLBfPN5o728TKc=",
    "token2": "ErKHOzZPc3uJt6tGg2i8.LnAR6cwl1HBu8jV4sb9Cwa.jxk2yr/vYNhOEaJTDEFErfvTsfC4x1lOj1k+if0Lak4=",
    "token3": "Er45RBupuGveHisOWofb.Gl2FmoVBdJvP5zrS8+WsIW.SY3nnDcwg4dXHj7O+VRlwSOS+PQnfaoqUeN39LpO2d8=",
    "token4": "Er5IrREhMKPff0oOcPP0.RKDEUzAjZPawq70LJrfvia.7shfK/WIJgYp4S1hNWMpNYEaTVYX2eaWtAKlKcxHTPk=",
    "token5": "Erz66aZmrX4VZLfBqSSd.sWb83FC6zfP+k+ArrujPtq.Oq4+ovJzx6DCXSuPDoU2f5Gqh08HVbSzoC6C0wPKKRM=",
    "token6": "ErTIIODhJa70t44mEaAa.TtmrXEUy+dQxPJqjuRhwUG.GxwmWWECknWdkcLFFLIyVmF6K3JmKxx5a1VfZHpvUC0=",
    "token7": "ErujadtmbAvMuqMPThW4.K4ZdSmCEofQe1bhu08sm1a.uwmHnbh+nelk+p2wBZ1qdiK9YhdyZ/7xeD8idgq/S0k=",
    "token8": "ErPM0WnIKvCAMTcIVAu3.q+F0eZivv+xVfDH8RQIIuW.Ly/BIHZdvOnyw4GiCDyTJlstU6BhR96vAV4Yvpbc4Ok=",
    "token9": "ErmndA2YVu9gTrsWv889.Z5La8y0aL0C+/9hu2gh+6q.S4IQFaxraixBSYVvZfNQkBWjWSGiwVkeLLzoprmEJwA="
}